Date,Price
02-Dec-21,4577.100 
01-Dec-21,4513.040 
30-Nov-21,4567.000 
29-Nov-21,4655.270 
26-Nov-21,4594.620 
24-Nov-21,4701.460 
23-Nov-21,4690.700 
22-Nov-21,4682.950 
19-Nov-21,4697.960 
18-Nov-21,4706.640 
17-Nov-21,4688.670 
16-Nov-21,4700.900 
15-Nov-21,4682.810 
12-Nov-21,4682.850 
11-Nov-21,4649.270 
10-Nov-21,4646.710 
09-Nov-21,4685.250 
08-Nov-21,4701.700 
05-Nov-21,4697.530 
04-Nov-21,4680.060 
03-Nov-21,4660.570 
02-Nov-21,4630.650 
01-Nov-21,4613.670 
29-Oct-21,4605.380 
28-Oct-21,4596.420 
27-Oct-21,4551.680 
26-Oct-21,4574.790 
25-Oct-21,4566.480 
22-Oct-21,4544.900 
21-Oct-21,4549.780 
20-Oct-21,4536.190 
19-Oct-21,4519.630 
18-Oct-21,4486.480 
15-Oct-21,4471.370 
14-Oct-21,4438.230 
13-Oct-21,4363.800 
12-Oct-21,4350.640 
11-Oct-21,4361.190 
08-Oct-21,4391.360 
07-Oct-21,4399.760 
06-Oct-21,4363.550 
05-Oct-21,4345.720 
04-Oct-21,4300.460 
01-Oct-21,4357.050 
30-Sep-21,4307.540 
29-Sep-21,4359.460 
28-Sep-21,4352.630 
27-Sep-21,4443.110 
24-Sep-21,4455.480 
23-Sep-21,4448.980 
22-Sep-21,4395.640 
21-Sep-21,4354.180 
20-Sep-21,4357.730 
17-Sep-21,4432.990 
16-Sep-21,4473.760 
15-Sep-21,4480.700 
14-Sep-21,4443.050 
13-Sep-21,4468.730 
10-Sep-21,4458.580 
09-Sep-21,4493.280 
08-Sep-21,4514.070 
07-Sep-21,4520.030 
03-Sep-21,4535.430 
02-Sep-21,4536.950 
01-Sep-21,4524.090 
31-Aug-21,4522.680 
30-Aug-21,4528.790 
27-Aug-21,4509.370 
26-Aug-21,4469.910 
25-Aug-21,4496.190 
24-Aug-21,4486.230 
23-Aug-21,4479.540 
20-Aug-21,4441.670 
19-Aug-21,4405.800 
18-Aug-21,4400.270 
17-Aug-21,4448.080 
16-Aug-21,4479.660 
13-Aug-21,4468.000 
12-Aug-21,4460.840 
11-Aug-21,4447.700 
10-Aug-21,4436.750 
09-Aug-21,4432.350 
06-Aug-21,4436.520 
05-Aug-21,4429.100 
04-Aug-21,4402.680 
03-Aug-21,4423.150 
02-Aug-21,4387.110 
30-Jul-21,4395.260 
29-Jul-21,4419.150 
28-Jul-21,4400.650 
27-Jul-21,4401.460 
26-Jul-21,4422.230 
23-Jul-21,4411.800 
22-Jul-21,4367.480 
21-Jul-21,4358.690 
20-Jul-21,4323.210 
19-Jul-21,4258.630 
16-Jul-21,4327.160 
15-Jul-21,4360.030 
14-Jul-21,4374.300 
13-Jul-21,4369.210 
12-Jul-21,4384.630 
09-Jul-21,4369.550 
08-Jul-21,4320.820 
07-Jul-21,4358.130 
06-Jul-21,4343.540 
02-Jul-21,4352.340 
01-Jul-21,4319.940 
30-Jun-21,4297.500 
29-Jun-21,4291.800 
28-Jun-21,4290.610 
25-Jun-21,4280.700 
24-Jun-21,4266.490 
23-Jun-21,4241.840 
22-Jun-21,4246.440 
21-Jun-21,4224.790 
18-Jun-21,4166.450 
17-Jun-21,4221.860 
16-Jun-21,4223.700 
15-Jun-21,4246.590 
14-Jun-21,4255.150 
11-Jun-21,4247.440 
10-Jun-21,4239.180 
09-Jun-21,4219.550 
08-Jun-21,4227.260 
07-Jun-21,4226.520 
04-Jun-21,4229.890 
03-Jun-21,4192.850 
02-Jun-21,4208.120 
01-Jun-21,4202.040 
28-May-21,4204.110 
27-May-21,4200.880 
26-May-21,4195.990 
25-May-21,4188.130 
24-May-21,4197.050 
21-May-21,4155.860 
20-May-21,4159.120 
19-May-21,4115.680 
18-May-21,4127.830 
17-May-21,4163.290 
14-May-21,4173.850 
13-May-21,4112.500 
12-May-21,4063.040 
11-May-21,4152.100 
10-May-21,4188.430 
07-May-21,4232.600 
06-May-21,4201.620 
05-May-21,4167.590 
04-May-21,4164.660 
03-May-21,4192.660 
30-Apr-21,4181.170 
29-Apr-21,4211.470 
28-Apr-21,4183.180 
27-Apr-21,4186.720 
26-Apr-21,4187.620 
23-Apr-21,4180.170 
22-Apr-21,4134.980 
21-Apr-21,4173.420 
20-Apr-21,4134.940 
19-Apr-21,4163.260 
16-Apr-21,4185.470 
15-Apr-21,4170.420 
14-Apr-21,4124.660 
13-Apr-21,4141.590 
12-Apr-21,4127.990 
09-Apr-21,4128.800 
08-Apr-21,4097.170 
07-Apr-21,4079.950 
06-Apr-21,4073.940 
05-Apr-21,4077.910 
01-Apr-21,4019.870 
31-Mar-21,3972.890 
30-Mar-21,3958.550 
29-Mar-21,3971.090 
26-Mar-21,3974.540 
25-Mar-21,3909.520 
24-Mar-21,3889.140 
23-Mar-21,3910.520 
22-Mar-21,3940.590 
19-Mar-21,3913.100 
18-Mar-21,3915.460 
17-Mar-21,3974.120 
16-Mar-21,3962.710 
15-Mar-21,3968.940 
12-Mar-21,3943.340 
11-Mar-21,3939.340 
10-Mar-21,3898.810 
09-Mar-21,3875.440 
08-Mar-21,3821.350 
05-Mar-21,3841.940 
04-Mar-21,3768.470 
03-Mar-21,3819.720 
02-Mar-21,3870.290 
01-Mar-21,3901.820 
26-Feb-21,3811.150 
25-Feb-21,3829.340 
24-Feb-21,3925.430 
23-Feb-21,3881.370 
22-Feb-21,3876.500 
19-Feb-21,3906.710 
18-Feb-21,3913.970 
17-Feb-21,3931.330 
16-Feb-21,3932.590 
12-Feb-21,3934.830 
11-Feb-21,3916.380 
10-Feb-21,3909.880 
09-Feb-21,3911.230 
08-Feb-21,3915.590 
05-Feb-21,3886.830 
04-Feb-21,3871.740 
03-Feb-21,3830.170 
02-Feb-21,3826.310 
01-Feb-21,3773.860 
29-Jan-21,3714.240 
28-Jan-21,3787.380 
27-Jan-21,3750.770 
26-Jan-21,3849.620 
25-Jan-21,3855.360 
22-Jan-21,3841.470 
21-Jan-21,3853.070 
20-Jan-21,3851.850 
19-Jan-21,3798.910 
15-Jan-21,3768.250 
14-Jan-21,3795.540 
13-Jan-21,3809.840 
12-Jan-21,3801.190 
11-Jan-21,3799.610 
08-Jan-21,3824.680 
07-Jan-21,3803.790 
06-Jan-21,3748.140 
05-Jan-21,3726.860 
04-Jan-21,3700.650 
31-Dec-20,3756.070 
30-Dec-20,3732.040 
29-Dec-20,3727.040 
28-Dec-20,3735.360 
24-Dec-20,3703.060 
23-Dec-20,3690.010 
22-Dec-20,3687.260 
21-Dec-20,3694.920 
18-Dec-20,3709.410 
17-Dec-20,3722.480 
16-Dec-20,3701.170 
15-Dec-20,3694.620 
14-Dec-20,3647.490 
11-Dec-20,3663.460 
10-Dec-20,3668.100 
09-Dec-20,3672.820 
08-Dec-20,3702.250 
07-Dec-20,3691.960 
04-Dec-20,3699.120 
03-Dec-20,3666.720 
02-Dec-20,3669.010 
01-Dec-20,3662.450 
30-Nov-20,3621.630 
27-Nov-20,3638.350 
25-Nov-20,3629.650 
24-Nov-20,3635.410 
23-Nov-20,3577.590 
20-Nov-20,3557.540 
19-Nov-20,3581.870 
18-Nov-20,3567.790 
17-Nov-20,3609.530 
16-Nov-20,3626.910 
13-Nov-20,3585.150 
12-Nov-20,3537.010 
11-Nov-20,3572.660 
10-Nov-20,3545.530 
09-Nov-20,3550.500 
06-Nov-20,3509.440 
05-Nov-20,3510.450 
04-Nov-20,3443.440 
03-Nov-20,3369.160 
02-Nov-20,3310.240 
30-Oct-20,3269.960 
29-Oct-20,3310.110 
28-Oct-20,3271.030 
27-Oct-20,3390.680 
26-Oct-20,3400.970 
23-Oct-20,3465.390 
22-Oct-20,3453.490 
21-Oct-20,3435.560 
20-Oct-20,3443.120 
19-Oct-20,3426.920 
16-Oct-20,3483.810 
15-Oct-20,3483.340 
14-Oct-20,3488.670 
13-Oct-20,3511.930 
12-Oct-20,3534.220 
09-Oct-20,3477.130 
08-Oct-20,3446.830 
07-Oct-20,3419.450 
06-Oct-20,3360.950 
05-Oct-20,3408.630 
02-Oct-20,3348.440 
01-Oct-20,3380.800 
30-Sep-20,3363.000 
29-Sep-20,3335.470 
28-Sep-20,3351.600 
25-Sep-20,3298.460 
24-Sep-20,3246.590 
23-Sep-20,3236.920 
22-Sep-20,3315.570 
21-Sep-20,3281.060 
18-Sep-20,3319.470 
17-Sep-20,3357.010 
16-Sep-20,3385.490 
15-Sep-20,3401.200 
14-Sep-20,3383.540 
11-Sep-20,3340.970 
10-Sep-20,3339.190 
09-Sep-20,3398.960 
08-Sep-20,3331.840 
04-Sep-20,3426.960 
03-Sep-20,3455.060 
02-Sep-20,3580.840 
01-Sep-20,3526.650 
31-Aug-20,3500.310 
28-Aug-20,3508.010 
27-Aug-20,3484.550 
26-Aug-20,3478.730 
25-Aug-20,3443.620 
24-Aug-20,3431.280 
21-Aug-20,3397.160 
20-Aug-20,3385.510 
19-Aug-20,3374.850 
18-Aug-20,3389.780 
17-Aug-20,3381.990 
14-Aug-20,3372.850 
13-Aug-20,3373.430 
12-Aug-20,3380.350 
11-Aug-20,3333.690 
10-Aug-20,3360.470 
07-Aug-20,3351.280 
06-Aug-20,3349.160 
05-Aug-20,3327.770 
04-Aug-20,3306.510 
03-Aug-20,3294.610 
31-Jul-20,3271.120 
30-Jul-20,3246.220 
29-Jul-20,3258.440 
28-Jul-20,3218.440 
27-Jul-20,3239.410 
24-Jul-20,3215.630 
23-Jul-20,3235.660 
22-Jul-20,3276.020 
21-Jul-20,3257.300 
20-Jul-20,3251.840 
17-Jul-20,3224.730 
16-Jul-20,3215.570 
15-Jul-20,3226.560 
14-Jul-20,3197.520 
13-Jul-20,3155.220 
10-Jul-20,3185.040 
09-Jul-20,3152.050 
08-Jul-20,3169.940 
07-Jul-20,3145.320 
06-Jul-20,3179.720 
02-Jul-20,3130.010 
01-Jul-20,3115.860 
30-Jun-20,3100.290 
29-Jun-20,3053.240 
26-Jun-20,3009.050 
25-Jun-20,3083.760 
24-Jun-20,3050.330 
23-Jun-20,3131.290 
22-Jun-20,3117.860 
19-Jun-20,3097.740 
18-Jun-20,3115.340 
17-Jun-20,3113.490 
16-Jun-20,3124.740 
15-Jun-20,3066.590 
12-Jun-20,3041.310 
11-Jun-20,3002.100 
10-Jun-20,3190.140 
09-Jun-20,3207.180 
08-Jun-20,3232.390 
05-Jun-20,3193.930 
04-Jun-20,3112.350 
03-Jun-20,3122.870 
02-Jun-20,3080.820 
01-Jun-20,3055.730 
29-May-20,3044.310 
28-May-20,3029.730 
27-May-20,3036.130 
26-May-20,2991.770 
22-May-20,2955.450 
21-May-20,2948.510 
20-May-20,2971.610 
19-May-20,2922.940 
18-May-20,2953.910 
15-May-20,2863.700 
14-May-20,2852.500 
13-May-20,2820.000 
12-May-20,2870.120 
11-May-20,2930.320 
08-May-20,2929.800 
07-May-20,2881.190 
06-May-20,2848.420 
05-May-20,2868.440 
04-May-20,2842.740 
01-May-20,2830.710 
30-Apr-20,2912.430 
29-Apr-20,2939.510 
28-Apr-20,2863.390 
27-Apr-20,2878.480 
24-Apr-20,2836.740 
23-Apr-20,2797.800 
22-Apr-20,2799.310 
21-Apr-20,2736.560 
20-Apr-20,2823.160 
17-Apr-20,2874.560 
16-Apr-20,2799.550 
15-Apr-20,2783.360 
14-Apr-20,2846.060 
13-Apr-20,2761.630 
09-Apr-20,2789.820 
08-Apr-20,2749.980 
07-Apr-20,2659.410 
06-Apr-20,2663.680 
03-Apr-20,2488.650 
02-Apr-20,2526.900 
01-Apr-20,2470.500 
31-Mar-20,2584.590 
30-Mar-20,2626.650 
27-Mar-20,2541.470 
26-Mar-20,2630.070 
25-Mar-20,2475.560 
24-Mar-20,2447.330 
23-Mar-20,2237.400 
20-Mar-20,2304.920 
19-Mar-20,2409.390 
18-Mar-20,2398.100 
17-Mar-20,2529.190 
16-Mar-20,2386.130 
13-Mar-20,2711.020 
12-Mar-20,2480.640 
11-Mar-20,2741.380 
10-Mar-20,2882.230 
09-Mar-20,2746.560 
06-Mar-20,2972.370 
05-Mar-20,3023.940 
04-Mar-20,3130.120 
03-Mar-20,3003.370 
02-Mar-20,3090.230 
28-Feb-20,2954.220 
27-Feb-20,2978.760 
26-Feb-20,3116.390 
25-Feb-20,3128.210 
24-Feb-20,3225.890 
21-Feb-20,3337.750 
20-Feb-20,3373.230 
19-Feb-20,3386.150 
18-Feb-20,3370.290 
14-Feb-20,3380.160 
13-Feb-20,3373.940 
12-Feb-20,3379.450 
11-Feb-20,3357.750 
10-Feb-20,3352.090 
07-Feb-20,3327.710 
06-Feb-20,3345.780 
05-Feb-20,3334.690 
04-Feb-20,3297.590 
03-Feb-20,3248.920 
31-Jan-20,3225.520 
30-Jan-20,3283.660 
29-Jan-20,3273.400 
28-Jan-20,3276.240 
27-Jan-20,3243.630 
24-Jan-20,3295.470 
23-Jan-20,3325.540 
22-Jan-20,3321.750 
21-Jan-20,3320.790 
17-Jan-20,3329.620 
16-Jan-20,3316.810 
15-Jan-20,3289.290 
14-Jan-20,3283.150 
13-Jan-20,3288.130 
10-Jan-20,3265.350 
09-Jan-20,3274.700 
08-Jan-20,3253.050 
07-Jan-20,3237.180 
06-Jan-20,3246.280 
03-Jan-20,3234.850 
02-Jan-20,3257.850 
31-Dec-19,3230.780 
30-Dec-19,3221.290 
27-Dec-19,3240.020 
26-Dec-19,3239.910 
24-Dec-19,3223.380 
23-Dec-19,3224.010 
20-Dec-19,3221.220 
19-Dec-19,3205.370 
18-Dec-19,3191.140 
17-Dec-19,3192.520 
16-Dec-19,3191.450 
13-Dec-19,3168.800 
12-Dec-19,3168.570 
11-Dec-19,3141.630 
10-Dec-19,3132.520 
09-Dec-19,3135.960 
06-Dec-19,3145.910 
05-Dec-19,3117.430 
04-Dec-19,3112.760 
03-Dec-19,3093.200 
02-Dec-19,3113.870 
29-Nov-19,3140.980 
27-Nov-19,3153.630 
26-Nov-19,3140.520 
25-Nov-19,3133.640 
22-Nov-19,3110.290 
21-Nov-19,3103.540 
20-Nov-19,3108.460 
19-Nov-19,3120.180 
18-Nov-19,3122.030 
15-Nov-19,3120.460 
14-Nov-19,3096.630 
13-Nov-19,3094.040 
12-Nov-19,3091.840 
11-Nov-19,3087.010 
08-Nov-19,3093.080 
07-Nov-19,3085.180 
06-Nov-19,3076.780 
05-Nov-19,3074.620 
04-Nov-19,3078.270 
01-Nov-19,3066.910 
31-Oct-19,3037.560 
30-Oct-19,3046.770 
29-Oct-19,3036.890 
28-Oct-19,3039.420 
25-Oct-19,3022.550 
24-Oct-19,3010.290 
23-Oct-19,3004.520 
22-Oct-19,2995.990 
21-Oct-19,3006.720 
18-Oct-19,2986.200 
17-Oct-19,2997.950 
16-Oct-19,2989.690 
15-Oct-19,2995.680 
14-Oct-19,2966.150 
11-Oct-19,2970.270 
10-Oct-19,2938.130 
09-Oct-19,2919.400 
08-Oct-19,2893.060 
07-Oct-19,2938.790 
04-Oct-19,2952.010 
03-Oct-19,2910.630 
02-Oct-19,2887.610 
01-Oct-19,2940.250 
30-Sep-19,2976.740 
27-Sep-19,2961.790 
26-Sep-19,2977.620 
25-Sep-19,2984.870 
24-Sep-19,2966.600 
23-Sep-19,2991.780 
20-Sep-19,2992.070 
19-Sep-19,3006.790 
18-Sep-19,3006.730 
17-Sep-19,3005.700 
16-Sep-19,2997.960 
13-Sep-19,3007.390 
12-Sep-19,3009.570 
11-Sep-19,3000.930 
10-Sep-19,2979.390 
09-Sep-19,2978.430 
06-Sep-19,2978.710 
05-Sep-19,2976.000 
04-Sep-19,2937.780 
03-Sep-19,2906.270 
30-Aug-19,2926.460 
29-Aug-19,2924.580 
28-Aug-19,2887.940 
27-Aug-19,2869.160 
26-Aug-19,2878.380 
23-Aug-19,2847.110 
22-Aug-19,2922.950 
21-Aug-19,2924.430 
20-Aug-19,2900.510 
19-Aug-19,2923.650 
16-Aug-19,2888.680 
15-Aug-19,2847.600 
14-Aug-19,2840.600 
13-Aug-19,2926.320 
12-Aug-19,2883.750 
09-Aug-19,2918.650 
08-Aug-19,2938.090 
07-Aug-19,2883.980 
06-Aug-19,2881.770 
05-Aug-19,2844.740 
02-Aug-19,2932.050 
01-Aug-19,2953.560 
31-Jul-19,2980.380 
30-Jul-19,3013.180 
29-Jul-19,3020.970 
26-Jul-19,3025.860 
25-Jul-19,3003.670 
24-Jul-19,3019.560 
23-Jul-19,3005.470 
22-Jul-19,2985.030 
19-Jul-19,2976.610 
18-Jul-19,2995.110 
17-Jul-19,2984.420 
16-Jul-19,3004.040 
15-Jul-19,3014.300 
12-Jul-19,3013.770 
11-Jul-19,2999.910 
10-Jul-19,2993.070 
09-Jul-19,2979.630 
08-Jul-19,2975.950 
05-Jul-19,2990.410 
03-Jul-19,2995.820 
02-Jul-19,2973.010 
01-Jul-19,2964.330 
28-Jun-19,2941.760 
27-Jun-19,2924.920 
26-Jun-19,2913.780 
25-Jun-19,2917.380 
24-Jun-19,2945.350 
21-Jun-19,2950.460 
20-Jun-19,2954.180 
19-Jun-19,2926.460 
18-Jun-19,2917.750 
17-Jun-19,2889.670 
14-Jun-19,2886.980 
13-Jun-19,2891.640 
12-Jun-19,2879.840 
11-Jun-19,2885.720 
10-Jun-19,2886.730 
07-Jun-19,2873.340 
06-Jun-19,2843.490 
05-Jun-19,2826.150 
04-Jun-19,2803.270 
03-Jun-19,2744.450 
31-May-19,2752.060 
30-May-19,2788.860 
29-May-19,2783.020 
28-May-19,2802.390 
24-May-19,2826.060 
23-May-19,2822.240 
22-May-19,2856.270 
21-May-19,2864.360 
20-May-19,2840.230 
17-May-19,2859.530 
16-May-19,2876.320 
15-May-19,2850.960 
14-May-19,2834.410 
13-May-19,2811.870 
10-May-19,2881.400 
09-May-19,2870.720 
08-May-19,2879.420 
07-May-19,2884.050 
06-May-19,2932.470 
03-May-19,2945.640 
02-May-19,2917.520 
01-May-19,2923.730 
30-Apr-19,2945.830 
29-Apr-19,2943.030 
26-Apr-19,2939.880 
25-Apr-19,2926.170 
24-Apr-19,2927.250 
23-Apr-19,2933.680 
22-Apr-19,2907.970 
18-Apr-19,2905.030 
17-Apr-19,2900.450 
16-Apr-19,2907.060 
15-Apr-19,2905.580 
12-Apr-19,2907.410 
11-Apr-19,2888.320 
10-Apr-19,2888.210 
09-Apr-19,2878.200 
08-Apr-19,2895.770 
05-Apr-19,2892.740 
04-Apr-19,2879.390 
03-Apr-19,2873.400 
02-Apr-19,2867.240 
01-Apr-19,2867.190 
29-Mar-19,2834.400 
28-Mar-19,2815.440 
27-Mar-19,2805.370 
26-Mar-19,2818.460 
25-Mar-19,2798.360 
22-Mar-19,2800.710 
21-Mar-19,2854.880 
20-Mar-19,2824.230 
19-Mar-19,2832.570 
18-Mar-19,2832.940 
15-Mar-19,2822.480 
14-Mar-19,2808.480 
13-Mar-19,2810.920 
12-Mar-19,2791.520 
11-Mar-19,2783.300 
08-Mar-19,2743.070 
07-Mar-19,2748.930 
06-Mar-19,2771.450 
05-Mar-19,2789.650 
04-Mar-19,2792.810 
01-Mar-19,2803.690 
28-Feb-19,2784.490 
27-Feb-19,2792.380 
26-Feb-19,2793.900 
25-Feb-19,2796.110 
22-Feb-19,2792.670 
21-Feb-19,2774.880 
20-Feb-19,2784.700 
19-Feb-19,2779.760 
15-Feb-19,2775.600 
14-Feb-19,2745.730 
13-Feb-19,2753.030 
12-Feb-19,2744.730 
11-Feb-19,2709.800 
08-Feb-19,2707.880 
07-Feb-19,2706.050 
06-Feb-19,2731.610 
05-Feb-19,2737.700 
04-Feb-19,2724.870 
01-Feb-19,2706.530 
31-Jan-19,2704.100 
30-Jan-19,2681.050 
29-Jan-19,2640.000 
28-Jan-19,2643.850 
25-Jan-19,2664.760 
24-Jan-19,2642.330 
23-Jan-19,2638.700 
22-Jan-19,2632.900 
18-Jan-19,2670.710 
17-Jan-19,2635.960 
16-Jan-19,2616.100 
15-Jan-19,2610.300 
14-Jan-19,2582.610 
11-Jan-19,2596.260 
10-Jan-19,2596.640 
09-Jan-19,2584.960 
08-Jan-19,2574.410 
07-Jan-19,2549.690 
04-Jan-19,2531.940 
03-Jan-19,2447.890 
02-Jan-19,2510.030 
31-Dec-18,2506.850 
28-Dec-18,2485.740 
27-Dec-18,2488.830 
26-Dec-18,2467.700 
24-Dec-18,2351.100 
21-Dec-18,2416.620 
20-Dec-18,2467.420 
19-Dec-18,2506.960 
18-Dec-18,2546.160 
17-Dec-18,2545.940 
14-Dec-18,2599.950 
13-Dec-18,2650.540 
12-Dec-18,2651.070 
11-Dec-18,2636.780 
10-Dec-18,2637.720 
07-Dec-18,2633.080 
06-Dec-18,2695.950 
04-Dec-18,2700.060 
03-Dec-18,2790.370 
30-Nov-18,2760.170 
29-Nov-18,2737.760 
28-Nov-18,2743.790 
27-Nov-18,2682.170 
26-Nov-18,2673.450 
23-Nov-18,2632.560 
21-Nov-18,2649.930 
20-Nov-18,2641.890 
19-Nov-18,2690.730 
16-Nov-18,2736.270 
15-Nov-18,2730.200 
14-Nov-18,2701.580 
13-Nov-18,2722.180 
12-Nov-18,2726.220 
09-Nov-18,2781.010 
08-Nov-18,2806.830 
07-Nov-18,2813.890 
06-Nov-18,2755.450 
05-Nov-18,2738.310 
02-Nov-18,2723.060 
01-Nov-18,2740.370 
31-Oct-18,2711.740 
30-Oct-18,2682.630 
29-Oct-18,2641.250 
26-Oct-18,2658.690 
25-Oct-18,2705.570 
24-Oct-18,2656.100 
23-Oct-18,2740.690 
22-Oct-18,2755.880 
19-Oct-18,2767.780 
18-Oct-18,2768.780 
17-Oct-18,2809.210 
16-Oct-18,2809.920 
15-Oct-18,2750.790 
12-Oct-18,2767.130 
11-Oct-18,2728.370 
10-Oct-18,2785.680 
09-Oct-18,2880.340 
08-Oct-18,2884.430 
05-Oct-18,2885.570 
04-Oct-18,2901.610 
03-Oct-18,2925.510 
02-Oct-18,2923.430 
01-Oct-18,2924.590 
28-Sep-18,2913.980 
27-Sep-18,2914.000 
26-Sep-18,2905.970 
25-Sep-18,2915.560 
24-Sep-18,2919.370 
21-Sep-18,2929.670 
20-Sep-18,2930.750 
19-Sep-18,2907.950 
18-Sep-18,2904.310 
17-Sep-18,2888.800 
14-Sep-18,2904.980 
13-Sep-18,2904.180 
12-Sep-18,2888.920 
11-Sep-18,2887.890 
10-Sep-18,2877.130 
07-Sep-18,2871.680 
06-Sep-18,2878.050 
05-Sep-18,2888.600 
04-Sep-18,2896.720 
31-Aug-18,2901.520 
30-Aug-18,2901.130 
29-Aug-18,2914.040 
28-Aug-18,2897.520 
27-Aug-18,2896.740 
24-Aug-18,2874.690 
23-Aug-18,2856.980 
22-Aug-18,2861.820 
21-Aug-18,2862.960 
20-Aug-18,2857.050 
17-Aug-18,2850.130 
16-Aug-18,2840.690 
15-Aug-18,2818.370 
14-Aug-18,2839.960 
13-Aug-18,2821.930 
10-Aug-18,2833.280 
09-Aug-18,2853.580 
08-Aug-18,2857.700 
07-Aug-18,2858.450 
06-Aug-18,2850.400 
03-Aug-18,2840.350 
02-Aug-18,2827.220 
01-Aug-18,2813.360 
31-Jul-18,2816.290 
30-Jul-18,2802.600 
27-Jul-18,2818.820 
26-Jul-18,2837.440 
25-Jul-18,2846.070 
24-Jul-18,2820.400 
23-Jul-18,2806.980 
20-Jul-18,2801.830 
19-Jul-18,2804.490 
18-Jul-18,2815.620 
17-Jul-18,2809.550 
16-Jul-18,2798.430 
13-Jul-18,2801.310 
12-Jul-18,2798.290 
11-Jul-18,2774.020 
10-Jul-18,2793.840 
09-Jul-18,2784.170 
06-Jul-18,2759.820 
05-Jul-18,2736.610 
03-Jul-18,2713.220 
02-Jul-18,2726.710 
29-Jun-18,2718.370 
28-Jun-18,2716.310 
27-Jun-18,2699.630 
26-Jun-18,2723.060 
25-Jun-18,2717.070 
22-Jun-18,2754.880 
21-Jun-18,2749.760 
20-Jun-18,2767.320 
19-Jun-18,2762.590 
18-Jun-18,2773.750 
15-Jun-18,2779.660 
14-Jun-18,2782.490 
13-Jun-18,2775.630 
12-Jun-18,2786.850 
11-Jun-18,2782.000 
08-Jun-18,2779.030 
07-Jun-18,2770.370 
06-Jun-18,2772.350 
05-Jun-18,2748.800 
04-Jun-18,2746.870 
01-Jun-18,2734.620 
31-May-18,2705.270 
30-May-18,2724.010 
29-May-18,2689.860 
25-May-18,2721.330 
24-May-18,2727.760 
23-May-18,2733.290 
22-May-18,2724.440 
21-May-18,2733.010 
18-May-18,2712.970 
17-May-18,2720.130 
16-May-18,2722.460 
15-May-18,2711.450 
14-May-18,2730.130 
11-May-18,2727.720 
10-May-18,2723.070 
09-May-18,2697.790 
08-May-18,2671.920 
07-May-18,2672.630 
04-May-18,2663.420 
03-May-18,2629.730 
02-May-18,2635.670 
01-May-18,2654.800 
30-Apr-18,2648.050 
27-Apr-18,2669.910 
26-Apr-18,2666.940 
25-Apr-18,2639.400 
24-Apr-18,2634.560 
23-Apr-18,2670.290 
20-Apr-18,2670.140 
19-Apr-18,2693.130 
18-Apr-18,2708.640 
17-Apr-18,2706.390 
16-Apr-18,2677.840 
13-Apr-18,2656.300 
12-Apr-18,2663.990 
11-Apr-18,2642.190 
10-Apr-18,2656.870 
09-Apr-18,2613.160 
06-Apr-18,2604.470 
05-Apr-18,2662.840 
04-Apr-18,2644.690 
03-Apr-18,2614.450 
02-Apr-18,2581.880 
29-Mar-18,2640.870 
28-Mar-18,2605.000 
27-Mar-18,2612.620 
26-Mar-18,2658.550 
23-Mar-18,2588.260 
22-Mar-18,2643.690 
21-Mar-18,2711.930 
20-Mar-18,2716.940 
19-Mar-18,2712.920 
16-Mar-18,2752.010 
15-Mar-18,2747.330 
14-Mar-18,2749.480 
13-Mar-18,2765.310 
12-Mar-18,2783.020 
09-Mar-18,2786.570 
08-Mar-18,2738.970 
07-Mar-18,2726.800 
06-Mar-18,2728.120 
05-Mar-18,2720.940 
02-Mar-18,2691.250 
01-Mar-18,2677.670 
28-Feb-18,2713.830 
27-Feb-18,2744.280 
26-Feb-18,2779.600 
23-Feb-18,2747.300 
22-Feb-18,2703.960 
21-Feb-18,2701.330 
20-Feb-18,2716.260 
16-Feb-18,2732.220 
15-Feb-18,2731.200 
14-Feb-18,2698.630 
13-Feb-18,2662.940 
12-Feb-18,2656.000 
09-Feb-18,2619.550 
08-Feb-18,2581.000 
07-Feb-18,2681.660 
06-Feb-18,2695.140 
05-Feb-18,2648.940 
02-Feb-18,2762.130 
01-Feb-18,2821.980 
31-Jan-18,2823.810 
30-Jan-18,2822.430 
29-Jan-18,2853.530 
26-Jan-18,2872.870 
25-Jan-18,2839.250 
24-Jan-18,2837.540 
23-Jan-18,2839.130 
22-Jan-18,2832.970 
19-Jan-18,2810.300 
18-Jan-18,2798.030 
17-Jan-18,2802.560 
16-Jan-18,2776.420 
12-Jan-18,2786.240 
11-Jan-18,2767.560 
10-Jan-18,2748.230 
09-Jan-18,2751.290 
08-Jan-18,2747.710 
05-Jan-18,2743.150 
04-Jan-18,2723.990 
03-Jan-18,2713.060 
02-Jan-18,2695.810 
29-Dec-17,2673.610 
28-Dec-17,2687.540 
27-Dec-17,2682.620 
26-Dec-17,2680.500 
22-Dec-17,2683.340 
21-Dec-17,2684.570 
20-Dec-17,2679.250 
19-Dec-17,2681.470 
18-Dec-17,2690.160 
15-Dec-17,2675.810 
14-Dec-17,2652.010 
13-Dec-17,2662.850 
12-Dec-17,2664.110 
11-Dec-17,2659.990 
08-Dec-17,2651.500 
07-Dec-17,2636.980 
06-Dec-17,2629.270 
05-Dec-17,2629.570 
04-Dec-17,2639.440 
01-Dec-17,2642.220 
30-Nov-17,2647.580 
29-Nov-17,2626.070 
28-Nov-17,2627.040 
27-Nov-17,2601.420 
24-Nov-17,2602.420 
22-Nov-17,2597.080 
21-Nov-17,2599.030 
20-Nov-17,2582.140 
17-Nov-17,2578.850 
16-Nov-17,2585.640 
15-Nov-17,2564.620 
14-Nov-17,2578.870 
13-Nov-17,2584.840 
10-Nov-17,2582.300 
09-Nov-17,2584.620 
08-Nov-17,2594.380 
07-Nov-17,2590.640 
06-Nov-17,2591.130 
03-Nov-17,2587.840 
02-Nov-17,2579.850 
01-Nov-17,2579.360 
31-Oct-17,2575.260 
30-Oct-17,2572.830 
27-Oct-17,2581.070 
26-Oct-17,2560.400 
25-Oct-17,2557.150 
24-Oct-17,2569.130 
23-Oct-17,2564.980 
20-Oct-17,2575.210 
19-Oct-17,2562.100 
18-Oct-17,2561.260 
17-Oct-17,2559.360 
16-Oct-17,2557.640 
13-Oct-17,2553.170 
12-Oct-17,2550.930 
11-Oct-17,2555.240 
10-Oct-17,2550.640 
09-Oct-17,2544.730 
06-Oct-17,2549.330 
05-Oct-17,2552.070 
04-Oct-17,2537.740 
03-Oct-17,2534.580 
02-Oct-17,2529.120 
29-Sep-17,2519.360 
28-Sep-17,2510.060 
27-Sep-17,2507.040 
26-Sep-17,2496.840 
25-Sep-17,2496.660 
22-Sep-17,2502.220 
21-Sep-17,2500.600 
20-Sep-17,2508.240 
19-Sep-17,2506.650 
18-Sep-17,2503.870 
15-Sep-17,2500.230 
14-Sep-17,2495.620 
13-Sep-17,2498.370 
12-Sep-17,2496.480 
11-Sep-17,2488.110 
08-Sep-17,2461.430 
07-Sep-17,2465.100 
06-Sep-17,2465.540 
05-Sep-17,2457.850 
01-Sep-17,2476.550 
31-Aug-17,2471.650 
30-Aug-17,2457.590 
29-Aug-17,2446.300 
28-Aug-17,2444.240 
25-Aug-17,2443.050 
24-Aug-17,2438.970 
23-Aug-17,2444.040 
22-Aug-17,2452.510 
21-Aug-17,2428.370 
18-Aug-17,2425.550 
17-Aug-17,2430.010 
16-Aug-17,2468.110 
15-Aug-17,2464.610 
14-Aug-17,2465.840 
11-Aug-17,2441.320 
10-Aug-17,2438.210 
09-Aug-17,2474.020 
08-Aug-17,2474.920 
07-Aug-17,2480.910 
04-Aug-17,2476.830 
03-Aug-17,2472.160 
02-Aug-17,2477.570 
01-Aug-17,2476.350 
31-Jul-17,2470.300 
28-Jul-17,2472.100 
27-Jul-17,2475.420 
26-Jul-17,2477.830 
25-Jul-17,2477.130 
24-Jul-17,2469.910 
21-Jul-17,2472.540 
20-Jul-17,2473.450 
19-Jul-17,2473.830 
18-Jul-17,2460.610 
17-Jul-17,2459.140 
14-Jul-17,2459.270 
13-Jul-17,2447.830 
12-Jul-17,2443.250 
11-Jul-17,2425.530 
10-Jul-17,2427.430 
07-Jul-17,2425.180 
06-Jul-17,2409.750 
05-Jul-17,2432.540 
03-Jul-17,2429.010 
30-Jun-17,2423.410 
29-Jun-17,2419.700 
28-Jun-17,2440.690 
27-Jun-17,2419.380 
26-Jun-17,2439.070 
23-Jun-17,2438.300 
22-Jun-17,2434.500 
21-Jun-17,2435.610 
20-Jun-17,2437.030 
19-Jun-17,2453.460 
16-Jun-17,2433.150 
15-Jun-17,2432.460 
14-Jun-17,2437.920 
13-Jun-17,2440.350 
12-Jun-17,2429.390 
09-Jun-17,2431.770 
08-Jun-17,2433.790 
07-Jun-17,2433.140 
06-Jun-17,2429.330 
05-Jun-17,2436.100 
02-Jun-17,2439.070 
01-Jun-17,2430.060 
31-May-17,2411.800 
30-May-17,2412.910 
26-May-17,2415.820 
25-May-17,2415.070 
24-May-17,2404.390 
23-May-17,2398.420 
22-May-17,2394.020 
19-May-17,2381.730 
18-May-17,2365.720 
17-May-17,2357.030 
16-May-17,2400.670 
15-May-17,2402.320 
12-May-17,2390.900 
11-May-17,2394.440 
10-May-17,2399.630 
09-May-17,2396.920 
08-May-17,2399.380 
05-May-17,2399.290 
04-May-17,2389.520 
03-May-17,2388.130 
02-May-17,2391.170 
01-May-17,2388.330 
28-Apr-17,2384.200 
27-Apr-17,2388.770 
26-Apr-17,2387.450 
25-Apr-17,2388.610 
24-Apr-17,2374.150 
21-Apr-17,2348.690 
20-Apr-17,2355.840 
19-Apr-17,2338.170 
18-Apr-17,2342.190 
17-Apr-17,2349.010 
13-Apr-17,2328.950 
12-Apr-17,2344.930 
11-Apr-17,2353.780 
10-Apr-17,2357.160 
07-Apr-17,2355.540 
06-Apr-17,2357.490 
05-Apr-17,2352.950 
04-Apr-17,2360.160 
03-Apr-17,2358.840 
31-Mar-17,2362.720 
30-Mar-17,2368.060 
29-Mar-17,2361.130 
28-Mar-17,2358.570 
27-Mar-17,2341.590 
24-Mar-17,2343.980 
23-Mar-17,2345.960 
22-Mar-17,2348.450 
21-Mar-17,2344.020 
20-Mar-17,2373.470 
17-Mar-17,2378.250 
16-Mar-17,2381.380 
15-Mar-17,2385.260 
14-Mar-17,2365.450 
13-Mar-17,2373.470 
10-Mar-17,2372.600 
09-Mar-17,2364.870 
08-Mar-17,2362.980 
07-Mar-17,2368.390 
06-Mar-17,2375.310 
03-Mar-17,2383.120 
02-Mar-17,2381.920 
01-Mar-17,2395.960 
28-Feb-17,2363.640 
27-Feb-17,2369.750 
24-Feb-17,2367.340 
23-Feb-17,2363.810 
22-Feb-17,2362.820 
21-Feb-17,2365.380 
17-Feb-17,2351.160 
16-Feb-17,2347.220 
15-Feb-17,2349.250 
14-Feb-17,2337.580 
13-Feb-17,2328.250 
10-Feb-17,2316.100 
09-Feb-17,2307.870 
08-Feb-17,2294.670 
07-Feb-17,2293.080 
06-Feb-17,2292.560 
03-Feb-17,2297.420 
02-Feb-17,2280.850 
01-Feb-17,2279.550 
31-Jan-17,2278.870 
30-Jan-17,2280.900 
27-Jan-17,2294.690 
26-Jan-17,2296.680 
25-Jan-17,2298.370 
24-Jan-17,2280.070 
23-Jan-17,2265.200 
20-Jan-17,2271.310 
19-Jan-17,2263.690 
18-Jan-17,2271.890 
17-Jan-17,2267.890 
13-Jan-17,2274.640 
12-Jan-17,2270.440 
11-Jan-17,2275.320 
10-Jan-17,2268.900 
09-Jan-17,2268.900 
06-Jan-17,2276.980 
05-Jan-17,2269.000 
04-Jan-17,2270.750 
03-Jan-17,2257.830 
30-Dec-16,2238.830 
29-Dec-16,2249.260 
28-Dec-16,2249.920 
27-Dec-16,2268.880 
23-Dec-16,2263.790 
22-Dec-16,2260.960 
21-Dec-16,2265.180 
20-Dec-16,2270.760 
19-Dec-16,2262.530 
16-Dec-16,2258.070 
15-Dec-16,2262.030 
14-Dec-16,2253.280 
13-Dec-16,2271.720 
12-Dec-16,2256.960 
09-Dec-16,2259.530 
08-Dec-16,2246.190 
07-Dec-16,2241.350 
06-Dec-16,2212.230 
05-Dec-16,2204.710 
02-Dec-16,2191.950 
01-Dec-16,2191.080 
30-Nov-16,2198.810 
29-Nov-16,2204.660 
28-Nov-16,2201.720 
25-Nov-16,2213.350 
23-Nov-16,2204.720 
22-Nov-16,2202.940 
21-Nov-16,2198.180 
18-Nov-16,2181.900 
17-Nov-16,2187.120 
16-Nov-16,2176.940 
15-Nov-16,2180.390 
14-Nov-16,2164.200 
11-Nov-16,2164.450 
10-Nov-16,2167.480 
09-Nov-16,2163.260 
08-Nov-16,2139.560 
07-Nov-16,2131.520 
04-Nov-16,2085.180 
03-Nov-16,2088.660 
02-Nov-16,2097.940 
01-Nov-16,2111.720 
31-Oct-16,2126.150 
28-Oct-16,2126.410 
27-Oct-16,2133.040 
26-Oct-16,2139.430 
25-Oct-16,2143.160 
24-Oct-16,2151.330 
21-Oct-16,2141.160 
20-Oct-16,2141.340 
19-Oct-16,2144.290 
18-Oct-16,2139.600 
17-Oct-16,2126.500 
14-Oct-16,2132.980 
13-Oct-16,2132.550 
12-Oct-16,2139.180 
11-Oct-16,2136.730 
10-Oct-16,2163.660 
07-Oct-16,2153.740 
06-Oct-16,2160.770 
05-Oct-16,2159.730 
04-Oct-16,2150.490 
03-Oct-16,2161.200 
30-Sep-16,2168.270 
29-Sep-16,2151.130 
28-Sep-16,2171.370 
27-Sep-16,2159.930 
26-Sep-16,2146.100 
23-Sep-16,2164.690 
22-Sep-16,2177.180 
21-Sep-16,2163.120 
20-Sep-16,2139.760 
19-Sep-16,2139.120 
16-Sep-16,2139.160 
15-Sep-16,2147.260 
14-Sep-16,2125.770 
13-Sep-16,2127.020 
12-Sep-16,2159.040 
09-Sep-16,2127.810 
08-Sep-16,2181.300 
07-Sep-16,2186.160 
06-Sep-16,2186.480 
02-Sep-16,2179.980 
01-Sep-16,2170.860 
31-Aug-16,2170.950 
30-Aug-16,2176.120 
29-Aug-16,2180.380 
26-Aug-16,2169.040 
25-Aug-16,2172.470 
24-Aug-16,2175.440 
23-Aug-16,2186.900 
22-Aug-16,2182.640 
19-Aug-16,2183.870 
18-Aug-16,2187.020 
17-Aug-16,2182.220 
16-Aug-16,2178.150 
15-Aug-16,2190.150 
12-Aug-16,2184.050 
11-Aug-16,2185.790 
10-Aug-16,2175.490 
09-Aug-16,2181.740 
08-Aug-16,2180.890 
05-Aug-16,2182.870 
04-Aug-16,2164.250 
03-Aug-16,2163.790 
02-Aug-16,2157.030 
01-Aug-16,2170.840 
29-Jul-16,2173.600 
28-Jul-16,2170.060 
27-Jul-16,2166.580 
26-Jul-16,2169.180 
25-Jul-16,2168.480 
22-Jul-16,2175.030 
21-Jul-16,2165.170 
20-Jul-16,2173.020 
19-Jul-16,2163.780 
18-Jul-16,2166.890 
15-Jul-16,2161.740 
14-Jul-16,2163.750 
13-Jul-16,2152.430 
12-Jul-16,2152.140 
11-Jul-16,2137.160 
08-Jul-16,2129.900 
07-Jul-16,2097.900 
06-Jul-16,2099.730 
05-Jul-16,2088.550 
01-Jul-16,2102.950 
30-Jun-16,2098.860 
29-Jun-16,2070.770 
28-Jun-16,2036.090 
27-Jun-16,2000.540 
24-Jun-16,2037.410 
23-Jun-16,2113.320 
22-Jun-16,2085.450 
21-Jun-16,2088.900 
20-Jun-16,2083.250 
17-Jun-16,2071.220 
16-Jun-16,2077.990 
15-Jun-16,2071.500 
14-Jun-16,2075.320 
13-Jun-16,2079.060 
10-Jun-16,2096.070 
09-Jun-16,2115.480 
08-Jun-16,2119.120 
07-Jun-16,2112.130 
06-Jun-16,2109.410 
03-Jun-16,2099.130 
02-Jun-16,2105.260 
01-Jun-16,2099.330 
31-May-16,2096.960 
27-May-16,2099.060 
26-May-16,2090.100 
25-May-16,2090.540 
24-May-16,2076.060 
23-May-16,2048.040 
20-May-16,2052.320 
19-May-16,2040.040 
18-May-16,2047.630 
17-May-16,2047.210 
16-May-16,2066.660 
13-May-16,2046.610 
12-May-16,2064.110 
11-May-16,2064.460 
10-May-16,2084.390 
09-May-16,2058.690 
06-May-16,2057.140 
05-May-16,2050.630 
04-May-16,2051.120 
03-May-16,2063.370 
02-May-16,2081.430 
29-Apr-16,2065.300 
28-Apr-16,2075.810 
27-Apr-16,2095.150 
26-Apr-16,2091.700 
25-Apr-16,2087.790 
22-Apr-16,2091.580 
21-Apr-16,2091.480 
20-Apr-16,2102.400 
19-Apr-16,2100.800 
18-Apr-16,2094.340 
15-Apr-16,2080.730 
14-Apr-16,2082.780 
13-Apr-16,2082.420 
12-Apr-16,2061.720 
11-Apr-16,2041.990 
08-Apr-16,2047.600 
07-Apr-16,2041.910 
06-Apr-16,2066.660 
05-Apr-16,2045.170 
04-Apr-16,2066.130 
01-Apr-16,2072.780 
31-Mar-16,2059.740 
30-Mar-16,2063.950 
29-Mar-16,2055.010 
28-Mar-16,2037.050 
24-Mar-16,2035.940 
23-Mar-16,2036.710 
22-Mar-16,2049.800 
21-Mar-16,2051.600 
18-Mar-16,2049.580 
17-Mar-16,2040.590 
16-Mar-16,2027.220 
15-Mar-16,2015.930 
14-Mar-16,2019.640 
11-Mar-16,2022.190 
10-Mar-16,1989.570 
09-Mar-16,1989.260 
08-Mar-16,1979.260 
07-Mar-16,2001.760 
04-Mar-16,1999.990 
03-Mar-16,1993.400 
02-Mar-16,1986.450 
01-Mar-16,1978.350 
29-Feb-16,1932.230 
26-Feb-16,1948.050 
25-Feb-16,1951.700 
24-Feb-16,1929.800 
23-Feb-16,1921.270 
22-Feb-16,1945.500 
19-Feb-16,1917.780 
18-Feb-16,1917.830 
17-Feb-16,1926.820 
16-Feb-16,1895.580 
12-Feb-16,1864.780 
11-Feb-16,1829.080 
10-Feb-16,1851.860 
09-Feb-16,1852.210 
08-Feb-16,1853.440 
05-Feb-16,1880.050 
04-Feb-16,1915.450 
03-Feb-16,1912.530 
02-Feb-16,1903.030 
01-Feb-16,1939.380 
29-Jan-16,1940.240 
28-Jan-16,1893.360 
27-Jan-16,1882.950 
26-Jan-16,1903.630 
25-Jan-16,1877.080 
22-Jan-16,1906.900 
21-Jan-16,1868.990 
20-Jan-16,1859.330 
19-Jan-16,1881.330 
15-Jan-16,1880.330 
14-Jan-16,1921.840 
13-Jan-16,1890.280 
12-Jan-16,1938.680 
11-Jan-16,1923.670 
08-Jan-16,1922.030 
07-Jan-16,1943.090 
06-Jan-16,1990.260 
05-Jan-16,2016.710 
04-Jan-16,2012.660 
31-Dec-15,2043.940 
30-Dec-15,2063.360 
29-Dec-15,2078.360 
28-Dec-15,2056.500 
24-Dec-15,2060.990 
23-Dec-15,2064.290 
22-Dec-15,2038.970 
21-Dec-15,2021.150 
18-Dec-15,2005.550 
17-Dec-15,2041.890 
16-Dec-15,2073.070 
15-Dec-15,2043.410 
14-Dec-15,2021.940 
11-Dec-15,2012.370 
10-Dec-15,2052.230 
09-Dec-15,2047.620 
08-Dec-15,2063.590 
07-Dec-15,2077.070 
04-Dec-15,2091.690 
03-Dec-15,2049.620 
02-Dec-15,2079.510 
01-Dec-15,2102.630 
30-Nov-15,2080.410 
27-Nov-15,2090.110 
25-Nov-15,2088.870 
24-Nov-15,2089.140 
23-Nov-15,2086.590 
20-Nov-15,2089.170 
19-Nov-15,2081.240 
18-Nov-15,2083.580 
17-Nov-15,2050.440 
16-Nov-15,2053.190 
13-Nov-15,2023.040 
12-Nov-15,2045.970 
11-Nov-15,2075.000 
10-Nov-15,2081.720 
09-Nov-15,2078.580 
06-Nov-15,2099.200 
05-Nov-15,2099.930 
04-Nov-15,2102.310 
03-Nov-15,2109.790 
02-Nov-15,2104.050 
30-Oct-15,2079.360 
29-Oct-15,2089.410 
28-Oct-15,2090.350 
27-Oct-15,2065.890 
26-Oct-15,2071.180 
23-Oct-15,2075.150 
22-Oct-15,2052.510 
21-Oct-15,2018.940 
20-Oct-15,2030.770 
19-Oct-15,2033.660 
16-Oct-15,2033.110 
15-Oct-15,2023.860 
14-Oct-15,1994.240 
13-Oct-15,2003.690 
12-Oct-15,2017.460 
09-Oct-15,2014.890 
08-Oct-15,2013.430 
07-Oct-15,1995.830 
06-Oct-15,1979.920 
05-Oct-15,1987.050 
02-Oct-15,1951.360 
01-Oct-15,1923.820 
30-Sep-15,1920.030 
29-Sep-15,1884.090 
28-Sep-15,1881.770 
25-Sep-15,1931.340 
24-Sep-15,1932.240 
23-Sep-15,1938.760 
22-Sep-15,1942.740 
21-Sep-15,1966.970 
18-Sep-15,1958.030 
17-Sep-15,1990.200 
16-Sep-15,1995.310 
15-Sep-15,1978.090 
14-Sep-15,1953.030 
11-Sep-15,1961.050 
10-Sep-15,1952.290 
09-Sep-15,1942.040 
08-Sep-15,1969.410 
04-Sep-15,1921.220 
03-Sep-15,1951.130 
02-Sep-15,1948.860 
01-Sep-15,1913.850 
31-Aug-15,1972.180 
28-Aug-15,1988.870 
27-Aug-15,1987.660 
26-Aug-15,1940.510 
25-Aug-15,1867.610 
24-Aug-15,1893.210 
21-Aug-15,1970.890 
20-Aug-15,2035.730 
19-Aug-15,2079.610 
18-Aug-15,2096.920 
17-Aug-15,2102.440 
14-Aug-15,2091.540 
13-Aug-15,2083.390 
12-Aug-15,2086.050 
11-Aug-15,2084.070 
10-Aug-15,2104.180 
07-Aug-15,2077.570 
06-Aug-15,2083.560 
05-Aug-15,2099.840 
04-Aug-15,2093.320 
03-Aug-15,2098.040 
31-Jul-15,2103.840 
30-Jul-15,2108.630 
29-Jul-15,2108.570 
28-Jul-15,2093.250 
27-Jul-15,2067.640 
24-Jul-15,2079.650 
23-Jul-15,2102.150 
22-Jul-15,2114.150 
21-Jul-15,2119.210 
20-Jul-15,2128.280 
17-Jul-15,2126.640 
16-Jul-15,2124.290 
15-Jul-15,2107.400 
14-Jul-15,2108.950 
13-Jul-15,2099.600 
10-Jul-15,2076.620 
09-Jul-15,2051.310 
08-Jul-15,2046.680 
07-Jul-15,2081.340 
06-Jul-15,2068.760 
02-Jul-15,2076.780 
01-Jul-15,2077.420 
30-Jun-15,2063.110 
29-Jun-15,2057.640 
26-Jun-15,2101.490 
25-Jun-15,2102.310 
24-Jun-15,2108.580 
23-Jun-15,2124.200 
22-Jun-15,2122.850 
19-Jun-15,2109.990 
18-Jun-15,2121.240 
17-Jun-15,2100.440 
16-Jun-15,2096.290 
15-Jun-15,2084.430 
12-Jun-15,2094.110 
11-Jun-15,2108.860 
10-Jun-15,2105.200 
09-Jun-15,2080.150 
08-Jun-15,2079.280 
05-Jun-15,2092.830 
04-Jun-15,2095.840 
03-Jun-15,2114.070 
02-Jun-15,2109.600 
01-Jun-15,2111.730 
29-May-15,2107.390 
28-May-15,2120.790 
27-May-15,2123.480 
26-May-15,2104.200 
22-May-15,2126.060 
21-May-15,2130.820 
20-May-15,2125.850 
19-May-15,2127.830 
18-May-15,2129.200 
15-May-15,2122.730 
14-May-15,2121.100 
13-May-15,2098.480 
12-May-15,2099.120 
11-May-15,2105.330 
08-May-15,2116.100 
07-May-15,2088.000 
06-May-15,2080.150 
05-May-15,2089.460 
04-May-15,2114.490 
01-May-15,2108.290 
30-Apr-15,2085.510 
29-Apr-15,2106.850 
28-Apr-15,2114.760 
27-Apr-15,2108.920 
24-Apr-15,2117.690 
23-Apr-15,2112.930 
22-Apr-15,2107.960 
21-Apr-15,2097.290 
20-Apr-15,2100.400 
17-Apr-15,2081.180 
16-Apr-15,2104.990 
15-Apr-15,2106.630 
14-Apr-15,2095.840 
13-Apr-15,2092.430 
10-Apr-15,2102.060 
09-Apr-15,2091.180 
08-Apr-15,2081.900 
07-Apr-15,2076.330 
06-Apr-15,2080.620 
02-Apr-15,2066.960 
01-Apr-15,2059.690 
31-Mar-15,2067.890 
30-Mar-15,2086.240 
27-Mar-15,2061.020 
26-Mar-15,2056.150 
25-Mar-15,2061.050 
24-Mar-15,2091.500 
23-Mar-15,2104.420 
20-Mar-15,2108.100 
19-Mar-15,2089.270 
18-Mar-15,2099.500 
17-Mar-15,2074.280 
16-Mar-15,2081.190 
13-Mar-15,2053.400 
12-Mar-15,2065.950 
11-Mar-15,2040.240 
10-Mar-15,2044.160 
09-Mar-15,2079.430 
06-Mar-15,2071.260 
05-Mar-15,2101.040 
04-Mar-15,2098.530 
03-Mar-15,2107.780 
02-Mar-15,2117.390 
27-Feb-15,2104.500 
26-Feb-15,2110.740 
25-Feb-15,2113.860 
24-Feb-15,2115.480 
23-Feb-15,2109.660 
20-Feb-15,2110.300 
19-Feb-15,2097.450 
18-Feb-15,2099.680 
17-Feb-15,2100.340 
13-Feb-15,2096.990 
12-Feb-15,2088.480 
11-Feb-15,2068.530 
10-Feb-15,2068.590 
09-Feb-15,2046.740 
06-Feb-15,2055.470 
05-Feb-15,2062.520 
04-Feb-15,2041.510 
03-Feb-15,2050.030 
02-Feb-15,2020.850 
30-Jan-15,1994.990 
29-Jan-15,2021.250 
28-Jan-15,2002.160 
27-Jan-15,2029.550 
26-Jan-15,2057.090 
23-Jan-15,2051.820 
22-Jan-15,2063.150 
21-Jan-15,2032.120 
20-Jan-15,2022.550 
16-Jan-15,2019.420 
15-Jan-15,1992.670 
14-Jan-15,2011.270 
13-Jan-15,2023.030 
12-Jan-15,2028.260 
09-Jan-15,2044.810 
08-Jan-15,2062.140 
07-Jan-15,2025.900 
06-Jan-15,2002.610 
05-Jan-15,2020.580 
02-Jan-15,2058.200 
31-Dec-14,2058.900 
30-Dec-14,2080.350 
29-Dec-14,2090.570 
26-Dec-14,2088.770 
24-Dec-14,2081.880 
23-Dec-14,2082.170 
22-Dec-14,2078.540 
19-Dec-14,2070.650 
18-Dec-14,2061.230 
17-Dec-14,2012.890 
16-Dec-14,1972.740 
15-Dec-14,1989.630 
12-Dec-14,2002.330 
11-Dec-14,2035.330 
10-Dec-14,2026.140 
09-Dec-14,2059.820 
08-Dec-14,2060.310 
05-Dec-14,2075.370 
04-Dec-14,2071.920 
03-Dec-14,2074.330 
02-Dec-14,2066.550 
01-Dec-14,2053.440 
28-Nov-14,2067.560 
26-Nov-14,2072.830 
25-Nov-14,2067.030 
24-Nov-14,2069.410 
21-Nov-14,2063.500 
20-Nov-14,2052.750 
19-Nov-14,2048.720 
18-Nov-14,2051.800 
17-Nov-14,2041.320 
14-Nov-14,2039.820 
13-Nov-14,2039.330 
12-Nov-14,2038.250 
11-Nov-14,2039.680 
10-Nov-14,2038.260 
07-Nov-14,2031.920 
06-Nov-14,2031.210 
05-Nov-14,2023.570 
04-Nov-14,2012.100 
03-Nov-14,2017.810 
31-Oct-14,2018.050 
30-Oct-14,1994.650 
29-Oct-14,1982.300 
28-Oct-14,1985.050 
27-Oct-14,1961.630 
24-Oct-14,1964.580 
23-Oct-14,1950.820 
22-Oct-14,1927.110 
21-Oct-14,1941.280 
20-Oct-14,1904.010 
17-Oct-14,1886.760 
16-Oct-14,1862.760 
15-Oct-14,1862.490 
14-Oct-14,1877.700 
13-Oct-14,1874.740 
10-Oct-14,1906.130 
09-Oct-14,1928.210 
08-Oct-14,1968.890 
07-Oct-14,1935.100 
06-Oct-14,1964.820 
03-Oct-14,1967.900 
02-Oct-14,1946.170 
01-Oct-14,1946.160 
30-Sep-14,1972.290 
29-Sep-14,1977.800 
26-Sep-14,1982.850 
25-Sep-14,1965.990 
24-Sep-14,1998.300 
23-Sep-14,1982.770 
22-Sep-14,1994.290 
19-Sep-14,2010.400 
18-Sep-14,2011.360 
17-Sep-14,2001.570 
16-Sep-14,1998.980 
15-Sep-14,1984.130 
12-Sep-14,1985.540 
11-Sep-14,1997.450 
10-Sep-14,1995.690 
09-Sep-14,1988.440 
08-Sep-14,2001.540 
05-Sep-14,2007.710 
04-Sep-14,1997.650 
03-Sep-14,2000.720 
02-Sep-14,2002.280 
29-Aug-14,2003.370 
28-Aug-14,1996.740 
27-Aug-14,2000.120 
26-Aug-14,2000.020 
25-Aug-14,1997.920 
22-Aug-14,1988.400 
21-Aug-14,1992.370 
20-Aug-14,1986.510 
19-Aug-14,1981.600 
18-Aug-14,1971.740 
15-Aug-14,1955.060 
14-Aug-14,1955.180 
13-Aug-14,1946.720 
12-Aug-14,1933.750 
11-Aug-14,1936.920 
08-Aug-14,1931.590 
07-Aug-14,1909.570 
06-Aug-14,1920.240 
05-Aug-14,1920.210 
04-Aug-14,1938.990 
01-Aug-14,1925.150 
31-Jul-14,1930.670 
30-Jul-14,1970.070 
29-Jul-14,1969.950 
28-Jul-14,1978.910 
25-Jul-14,1978.340 
24-Jul-14,1987.980 
23-Jul-14,1987.010 
22-Jul-14,1983.530 
21-Jul-14,1973.630 
18-Jul-14,1978.220 
17-Jul-14,1958.120 
16-Jul-14,1981.570 
15-Jul-14,1973.280 
14-Jul-14,1977.100 
11-Jul-14,1967.570 
10-Jul-14,1964.680 
09-Jul-14,1972.830 
08-Jul-14,1963.710 
07-Jul-14,1977.650 
03-Jul-14,1985.440 
02-Jul-14,1974.620 
01-Jul-14,1973.320 
30-Jun-14,1960.230 
27-Jun-14,1960.960 
26-Jun-14,1957.220 
25-Jun-14,1959.530 
24-Jun-14,1949.980 
23-Jun-14,1962.610 
20-Jun-14,1962.870 
19-Jun-14,1959.480 
18-Jun-14,1956.980 
17-Jun-14,1941.990 
16-Jun-14,1937.780 
13-Jun-14,1936.160 
12-Jun-14,1930.110 
11-Jun-14,1943.890 
10-Jun-14,1950.790 
09-Jun-14,1951.270 
06-Jun-14,1949.440 
05-Jun-14,1940.460 
04-Jun-14,1927.880 
03-Jun-14,1924.240 
02-Jun-14,1924.970 
30-May-14,1923.570 
29-May-14,1920.030 
28-May-14,1909.780 
27-May-14,1911.910 
23-May-14,1900.530 
22-May-14,1892.490 
21-May-14,1888.030 
20-May-14,1872.830 
19-May-14,1885.080 
16-May-14,1877.860 
15-May-14,1870.850 
14-May-14,1888.530 
13-May-14,1897.450 
12-May-14,1896.650 
09-May-14,1878.480 
08-May-14,1875.630 
07-May-14,1878.210 
06-May-14,1867.720 
05-May-14,1884.660 
02-May-14,1881.140 
01-May-14,1883.680 
30-Apr-14,1883.950 
29-Apr-14,1878.330 
28-Apr-14,1869.430 
25-Apr-14,1863.400 
24-Apr-14,1878.610 
23-Apr-14,1875.390 
22-Apr-14,1879.550 
21-Apr-14,1871.890 
17-Apr-14,1864.850 
16-Apr-14,1862.310 
15-Apr-14,1842.980 
14-Apr-14,1830.610 
11-Apr-14,1815.690 
10-Apr-14,1833.080 
09-Apr-14,1872.180 
08-Apr-14,1851.960 
07-Apr-14,1845.040 
04-Apr-14,1865.090 
03-Apr-14,1888.770 
02-Apr-14,1890.900 
01-Apr-14,1885.520 
31-Mar-14,1872.340 
28-Mar-14,1857.620 
27-Mar-14,1849.040 
26-Mar-14,1852.560 
25-Mar-14,1865.620 
24-Mar-14,1857.440 
21-Mar-14,1866.520 
20-Mar-14,1872.010 
19-Mar-14,1860.770 
18-Mar-14,1872.250 
17-Mar-14,1858.830 
14-Mar-14,1841.130 
13-Mar-14,1846.340 
12-Mar-14,1868.200 
11-Mar-14,1867.630 
10-Mar-14,1877.170 
07-Mar-14,1878.040 
06-Mar-14,1877.030 
05-Mar-14,1873.810 
04-Mar-14,1873.910 
03-Mar-14,1845.730 
28-Feb-14,1859.450 
27-Feb-14,1854.290 
26-Feb-14,1845.160 
25-Feb-14,1845.120 
24-Feb-14,1847.610 
21-Feb-14,1836.250 
20-Feb-14,1839.780 
19-Feb-14,1828.750 
18-Feb-14,1840.760 
14-Feb-14,1838.630 
13-Feb-14,1829.830 
12-Feb-14,1819.260 
11-Feb-14,1819.750 
10-Feb-14,1799.840 
07-Feb-14,1797.020 
06-Feb-14,1773.430 
05-Feb-14,1751.640 
04-Feb-14,1755.200 
03-Feb-14,1741.890 
31-Jan-14,1782.590 
30-Jan-14,1794.190 
29-Jan-14,1774.200 
28-Jan-14,1792.500 
27-Jan-14,1781.560 
24-Jan-14,1790.290 
23-Jan-14,1828.460 
22-Jan-14,1844.860 
21-Jan-14,1843.800 
17-Jan-14,1838.700 
16-Jan-14,1845.890 
15-Jan-14,1848.380 
14-Jan-14,1838.880 
13-Jan-14,1819.200 
10-Jan-14,1842.370 
09-Jan-14,1838.130 
08-Jan-14,1837.490 
07-Jan-14,1837.880 
06-Jan-14,1826.770 
03-Jan-14,1831.370 
02-Jan-14,1831.980 
31-Dec-13,1848.360 
30-Dec-13,1841.070 
27-Dec-13,1841.400 
26-Dec-13,1842.020 
24-Dec-13,1833.320 
23-Dec-13,1827.990 
20-Dec-13,1818.320 
19-Dec-13,1809.600 
18-Dec-13,1810.650 
17-Dec-13,1781.000 
16-Dec-13,1786.540 
13-Dec-13,1775.320 
12-Dec-13,1775.500 
11-Dec-13,1782.220 
10-Dec-13,1802.620 
09-Dec-13,1808.370 
06-Dec-13,1805.090 
05-Dec-13,1785.030 
04-Dec-13,1792.810 
03-Dec-13,1795.150 
02-Dec-13,1800.900 
29-Nov-13,1805.810 
27-Nov-13,1807.230 
26-Nov-13,1802.750 
25-Nov-13,1802.480 
22-Nov-13,1804.760 
21-Nov-13,1795.850 
20-Nov-13,1781.370 
19-Nov-13,1787.870 
18-Nov-13,1791.530 
15-Nov-13,1798.180 
14-Nov-13,1790.620 
13-Nov-13,1782.000 
12-Nov-13,1767.690 
11-Nov-13,1771.890 
08-Nov-13,1770.610 
07-Nov-13,1747.150 
06-Nov-13,1770.490 
05-Nov-13,1762.970 
04-Nov-13,1767.930 
01-Nov-13,1761.640 
31-Oct-13,1756.540 
30-Oct-13,1763.310 
29-Oct-13,1771.950 
28-Oct-13,1762.110 
25-Oct-13,1759.770 
24-Oct-13,1752.070 
23-Oct-13,1746.380 
22-Oct-13,1754.670 
21-Oct-13,1744.660 
18-Oct-13,1744.500 
17-Oct-13,1733.150 
16-Oct-13,1721.540 
15-Oct-13,1698.060 
14-Oct-13,1710.140 
11-Oct-13,1703.200 
10-Oct-13,1692.560 
09-Oct-13,1656.400 
08-Oct-13,1655.450 
07-Oct-13,1676.120 
04-Oct-13,1690.500 
03-Oct-13,1678.660 
02-Oct-13,1693.870 
01-Oct-13,1695.000 
30-Sep-13,1681.550 
27-Sep-13,1691.750 
26-Sep-13,1698.670 
25-Sep-13,1692.770 
24-Sep-13,1697.420 
23-Sep-13,1701.840 
20-Sep-13,1709.910 
19-Sep-13,1722.340 
18-Sep-13,1725.520 
17-Sep-13,1704.760 
16-Sep-13,1697.600 
13-Sep-13,1687.990 
12-Sep-13,1683.420 
11-Sep-13,1689.130 
10-Sep-13,1683.990 
09-Sep-13,1671.710 
06-Sep-13,1655.170 
05-Sep-13,1655.080 
04-Sep-13,1653.080 
03-Sep-13,1639.770 
30-Aug-13,1632.970 
29-Aug-13,1638.170 
28-Aug-13,1634.960 
27-Aug-13,1630.480 
26-Aug-13,1656.780 
23-Aug-13,1663.500 
22-Aug-13,1656.960 
21-Aug-13,1642.800 
20-Aug-13,1652.350 
19-Aug-13,1646.060 
16-Aug-13,1655.830 
15-Aug-13,1661.320 
14-Aug-13,1685.390 
13-Aug-13,1694.160 
12-Aug-13,1689.470 
09-Aug-13,1691.420 
08-Aug-13,1697.480 
07-Aug-13,1690.910 
06-Aug-13,1697.370 
05-Aug-13,1707.140 
02-Aug-13,1709.670 
01-Aug-13,1706.870 
31-Jul-13,1685.730 
30-Jul-13,1685.960 
29-Jul-13,1685.330 
26-Jul-13,1691.650 
25-Jul-13,1690.250 
24-Jul-13,1685.940 
23-Jul-13,1692.390 
22-Jul-13,1695.530 
19-Jul-13,1692.090 
18-Jul-13,1689.370 
17-Jul-13,1680.910 
16-Jul-13,1676.260 
15-Jul-13,1682.500 
12-Jul-13,1680.190 
11-Jul-13,1675.020 
10-Jul-13,1652.620 
09-Jul-13,1652.320 
08-Jul-13,1640.460 
05-Jul-13,1631.890 
03-Jul-13,1615.410 
02-Jul-13,1614.080 
01-Jul-13,1614.960 
28-Jun-13,1606.280 
27-Jun-13,1613.200 
26-Jun-13,1603.260 
25-Jun-13,1588.030 
24-Jun-13,1573.090 
21-Jun-13,1592.430 
20-Jun-13,1588.190 
19-Jun-13,1628.930 
18-Jun-13,1651.810 
17-Jun-13,1639.040 
14-Jun-13,1626.730 
13-Jun-13,1636.360 
12-Jun-13,1612.520 
11-Jun-13,1626.130 
10-Jun-13,1642.810 
07-Jun-13,1643.380 
06-Jun-13,1622.560 
05-Jun-13,1608.900 
04-Jun-13,1631.380 
03-Jun-13,1640.420 
31-May-13,1630.740 
30-May-13,1654.410 
29-May-13,1648.360 
28-May-13,1660.060 
24-May-13,1649.600 
23-May-13,1650.510 
22-May-13,1655.350 
21-May-13,1669.160 
20-May-13,1666.290 
17-May-13,1667.470 
16-May-13,1650.470 
15-May-13,1658.780 
14-May-13,1650.340 
13-May-13,1633.770 
10-May-13,1633.700 
09-May-13,1626.670 
08-May-13,1632.690 
07-May-13,1625.960 
06-May-13,1617.500 
03-May-13,1614.420 
02-May-13,1597.590 
01-May-13,1582.700 
30-Apr-13,1597.570 
29-Apr-13,1593.610 
26-Apr-13,1582.240 
25-Apr-13,1585.160 
24-Apr-13,1578.790 
23-Apr-13,1578.780 
22-Apr-13,1562.500 
19-Apr-13,1555.250 
18-Apr-13,1541.610 
17-Apr-13,1552.010 
16-Apr-13,1574.570 
15-Apr-13,1552.360 
12-Apr-13,1588.850 
11-Apr-13,1593.370 
10-Apr-13,1587.730 
09-Apr-13,1568.610 
08-Apr-13,1563.070 
05-Apr-13,1553.280 
04-Apr-13,1559.980 
03-Apr-13,1553.690 
02-Apr-13,1570.250 
01-Apr-13,1562.170 
28-Mar-13,1569.190 
27-Mar-13,1562.850 
26-Mar-13,1563.770 
25-Mar-13,1551.690 
22-Mar-13,1556.890 
21-Mar-13,1545.800 
20-Mar-13,1558.710 
19-Mar-13,1548.340 
18-Mar-13,1552.100 
15-Mar-13,1560.700 
14-Mar-13,1563.230 
13-Mar-13,1554.520 
12-Mar-13,1552.480 
11-Mar-13,1556.220 
08-Mar-13,1551.180 
07-Mar-13,1544.260 
06-Mar-13,1541.460 
05-Mar-13,1539.790 
04-Mar-13,1525.200 
01-Mar-13,1518.200 
28-Feb-13,1514.680 
27-Feb-13,1515.990 
26-Feb-13,1496.940 
25-Feb-13,1487.850 
22-Feb-13,1515.600 
21-Feb-13,1502.420 
20-Feb-13,1511.950 
19-Feb-13,1530.940 
15-Feb-13,1519.790 
14-Feb-13,1521.380 
13-Feb-13,1520.330 
12-Feb-13,1519.430 
11-Feb-13,1517.010 
08-Feb-13,1517.930 
07-Feb-13,1509.390 
06-Feb-13,1512.120 
05-Feb-13,1511.290 
04-Feb-13,1495.710 
01-Feb-13,1513.170 
31-Jan-13,1498.110 
30-Jan-13,1501.960 
29-Jan-13,1507.840 
28-Jan-13,1500.180 
25-Jan-13,1502.960 
24-Jan-13,1494.820 
23-Jan-13,1494.810 
22-Jan-13,1492.560 
18-Jan-13,1485.980 
17-Jan-13,1480.940 
16-Jan-13,1472.630 
15-Jan-13,1472.340 
14-Jan-13,1470.680 
11-Jan-13,1472.050 
10-Jan-13,1472.120 
09-Jan-13,1461.020 
08-Jan-13,1457.150 
07-Jan-13,1461.890 
04-Jan-13,1466.470 
03-Jan-13,1459.370 
02-Jan-13,1462.420 
31-Dec-12,1426.190 
28-Dec-12,1402.430 
27-Dec-12,1418.100 
26-Dec-12,1419.830 
24-Dec-12,1426.660 
21-Dec-12,1430.150 
20-Dec-12,1443.690 
19-Dec-12,1435.810 
18-Dec-12,1446.790 
17-Dec-12,1430.360 
14-Dec-12,1413.580 
13-Dec-12,1419.450 
12-Dec-12,1428.480 
11-Dec-12,1427.840 
10-Dec-12,1418.550 
07-Dec-12,1418.070 
06-Dec-12,1413.940 
05-Dec-12,1409.280 
04-Dec-12,1407.050 
03-Dec-12,1409.460 
30-Nov-12,1416.180 
29-Nov-12,1415.950 
28-Nov-12,1409.930 
27-Nov-12,1398.940 
26-Nov-12,1406.290 
23-Nov-12,1409.150 
21-Nov-12,1391.030 
20-Nov-12,1387.810 
19-Nov-12,1386.890 
16-Nov-12,1359.880 
15-Nov-12,1353.330 
14-Nov-12,1355.490 
13-Nov-12,1374.530 
12-Nov-12,1380.030 
09-Nov-12,1379.850 
08-Nov-12,1377.510 
07-Nov-12,1394.530 
06-Nov-12,1428.390 
05-Nov-12,1417.260 
02-Nov-12,1414.200 
01-Nov-12,1427.590 
31-Oct-12,1412.160 
26-Oct-12,1411.940 
25-Oct-12,1412.970 
24-Oct-12,1408.750 
23-Oct-12,1413.110 
22-Oct-12,1433.820 
19-Oct-12,1433.190 
18-Oct-12,1457.340 
17-Oct-12,1460.910 
16-Oct-12,1454.920 
15-Oct-12,1440.130 
12-Oct-12,1428.590 
11-Oct-12,1432.840 
10-Oct-12,1432.560 
09-Oct-12,1441.480 
08-Oct-12,1455.880 
05-Oct-12,1460.930 
04-Oct-12,1461.400 
03-Oct-12,1450.990 
02-Oct-12,1445.750 
01-Oct-12,1444.490 
28-Sep-12,1440.670 
27-Sep-12,1447.150 
26-Sep-12,1433.320 
25-Sep-12,1441.590 
24-Sep-12,1456.890 
21-Sep-12,1460.150 
20-Sep-12,1460.260 
19-Sep-12,1461.050 
18-Sep-12,1459.320 
17-Sep-12,1461.190 
14-Sep-12,1465.770 
13-Sep-12,1459.990 
12-Sep-12,1436.560 
11-Sep-12,1433.560 
10-Sep-12,1429.080 
07-Sep-12,1437.920 
06-Sep-12,1432.120 
05-Sep-12,1403.440 
04-Sep-12,1404.940 
31-Aug-12,1406.580 
30-Aug-12,1399.480 
29-Aug-12,1410.490 
28-Aug-12,1409.300 
27-Aug-12,1410.440 
24-Aug-12,1411.130 
23-Aug-12,1402.080 
22-Aug-12,1413.490 
21-Aug-12,1413.170 
20-Aug-12,1418.130 
17-Aug-12,1418.160 
16-Aug-12,1415.510 
15-Aug-12,1405.530 
14-Aug-12,1403.930 
13-Aug-12,1404.110 
10-Aug-12,1405.870 
09-Aug-12,1402.800 
08-Aug-12,1402.220 
07-Aug-12,1401.350 
06-Aug-12,1394.230 
03-Aug-12,1390.990 
02-Aug-12,1365.000 
01-Aug-12,1375.140 
31-Jul-12,1379.320 
30-Jul-12,1385.300 
27-Jul-12,1385.970 
26-Jul-12,1360.020 
25-Jul-12,1337.890 
24-Jul-12,1338.310 
23-Jul-12,1350.520 
20-Jul-12,1362.660 
19-Jul-12,1376.510 
18-Jul-12,1372.780 
17-Jul-12,1363.670 
16-Jul-12,1353.640 
13-Jul-12,1356.780 
12-Jul-12,1334.760 
11-Jul-12,1341.450 
10-Jul-12,1341.470 
09-Jul-12,1352.460 
06-Jul-12,1354.680 
05-Jul-12,1367.580 
03-Jul-12,1374.020 
02-Jul-12,1365.510 
29-Jun-12,1362.160 
28-Jun-12,1329.040 
27-Jun-12,1331.850 
26-Jun-12,1319.990 
25-Jun-12,1313.720 
22-Jun-12,1335.020 
21-Jun-12,1325.510 
20-Jun-12,1355.690 
19-Jun-12,1357.980 
18-Jun-12,1344.780 
15-Jun-12,1342.840 
14-Jun-12,1329.100 
13-Jun-12,1314.880 
12-Jun-12,1324.180 
11-Jun-12,1308.930 
08-Jun-12,1325.660 
07-Jun-12,1314.990 
06-Jun-12,1315.130 
05-Jun-12,1285.500 
04-Jun-12,1278.180 
01-Jun-12,1278.040 
31-May-12,1310.330 
30-May-12,1313.320 
29-May-12,1332.420 
25-May-12,1317.820 
24-May-12,1320.680 
23-May-12,1318.860 
22-May-12,1316.630 
21-May-12,1315.990 
18-May-12,1295.220 
17-May-12,1304.860 
16-May-12,1324.800 
15-May-12,1330.660 
14-May-12,1338.350 
11-May-12,1353.390 
10-May-12,1357.990 
09-May-12,1354.580 
08-May-12,1363.720 
07-May-12,1369.580 
04-May-12,1369.100 
03-May-12,1391.570 
02-May-12,1402.310 
01-May-12,1405.820 
30-Apr-12,1397.910 
27-Apr-12,1403.360 
26-Apr-12,1399.980 
25-Apr-12,1390.690 
24-Apr-12,1371.970 
23-Apr-12,1366.940 
20-Apr-12,1378.530 
19-Apr-12,1376.920 
18-Apr-12,1385.140 
17-Apr-12,1390.780 
16-Apr-12,1369.570 
13-Apr-12,1370.260 
12-Apr-12,1387.570 
11-Apr-12,1368.710 
10-Apr-12,1358.590 
09-Apr-12,1382.200 
05-Apr-12,1398.080 
04-Apr-12,1398.960 
03-Apr-12,1413.380 
02-Apr-12,1419.040 
30-Mar-12,1408.470 
29-Mar-12,1403.280 
28-Mar-12,1405.540 
27-Mar-12,1412.520 
26-Mar-12,1416.510 
23-Mar-12,1397.110 
22-Mar-12,1392.780 
21-Mar-12,1402.890 
20-Mar-12,1405.520 
19-Mar-12,1409.750 
16-Mar-12,1404.170 
15-Mar-12,1402.600 
14-Mar-12,1394.280 
13-Mar-12,1395.950 
12-Mar-12,1371.090 
09-Mar-12,1370.870 
08-Mar-12,1365.910 
07-Mar-12,1352.630 
06-Mar-12,1343.360 
05-Mar-12,1364.330 
02-Mar-12,1369.630 
01-Mar-12,1374.090 
29-Feb-12,1365.680 
28-Feb-12,1372.180 
27-Feb-12,1367.590 
24-Feb-12,1365.740 
23-Feb-12,1363.460 
22-Feb-12,1357.660 
21-Feb-12,1362.210 
17-Feb-12,1361.230 
16-Feb-12,1358.040 
15-Feb-12,1343.230 
14-Feb-12,1350.500 
13-Feb-12,1351.770 
10-Feb-12,1342.640 
09-Feb-12,1351.950 
08-Feb-12,1349.960 
07-Feb-12,1347.050 
06-Feb-12,1344.330 
03-Feb-12,1344.900 
02-Feb-12,1325.540 
01-Feb-12,1324.090 
31-Jan-12,1312.410 
30-Jan-12,1313.010 
27-Jan-12,1316.330 
26-Jan-12,1318.430 
25-Jan-12,1326.050 
24-Jan-12,1314.650 
23-Jan-12,1316.000 
20-Jan-12,1315.380 
19-Jan-12,1314.500 
18-Jan-12,1308.040 
17-Jan-12,1293.670 
13-Jan-12,1289.090 
12-Jan-12,1295.500 
11-Jan-12,1292.480 
10-Jan-12,1292.080 
09-Jan-12,1280.700 
06-Jan-12,1277.810 
05-Jan-12,1281.060 
04-Jan-12,1277.300 
03-Jan-12,1277.060 
30-Dec-11,1257.600 
29-Dec-11,1263.020 
28-Dec-11,1249.640 
27-Dec-11,1265.430 
23-Dec-11,1265.330 
22-Dec-11,1254.000 
21-Dec-11,1243.720 
20-Dec-11,1241.300 
19-Dec-11,1205.350 
16-Dec-11,1219.660 
15-Dec-11,1215.750 
14-Dec-11,1211.820 
13-Dec-11,1225.730 
12-Dec-11,1236.470 
09-Dec-11,1255.190 
08-Dec-11,1234.350 
07-Dec-11,1261.010 
06-Dec-11,1258.470 
05-Dec-11,1257.080 
02-Dec-11,1244.280 
01-Dec-11,1244.580 
30-Nov-11,1246.960 
29-Nov-11,1195.190 
28-Nov-11,1192.550 
25-Nov-11,1158.670 
23-Nov-11,1161.790 
22-Nov-11,1188.040 
21-Nov-11,1192.980 
18-Nov-11,1215.650 
17-Nov-11,1216.130 
16-Nov-11,1236.910 
15-Nov-11,1257.810 
14-Nov-11,1251.780 
11-Nov-11,1263.850 
10-Nov-11,1239.690 
09-Nov-11,1229.100 
08-Nov-11,1275.920 
07-Nov-11,1261.120 
04-Nov-11,1253.230 
03-Nov-11,1261.150 
